[
  {
    "file": "downloaded_repo\\shouryaj98-Hotel-Management-Project-Java-fae7a17\\Main.java",
    "class": "NotAvailable",
    "function": "toString",
    "start_line": 75,
    "end_line": 79,
    "parameters": [],
    "function_length": 5,
    "nesting_depth": 1,
    "has_docstring": false,
    "calls": [],
    "imports": [
      "import java.io.File;",
      "import java.io.FileInputStream;",
      "import java.io.FileOutputStream;",
      "import java.io.ObjectInputStream;",
      "import java.io.ObjectOutputStream;",
      "import java.io.Serializable;",
      "import java.util.ArrayList;",
      "import java.util.Scanner;"
    ],
    "parent_file": "downloaded_repo\\shouryaj98-Hotel-Management-Project-Java-fae7a17\\Main.java",
    "code": "    @Override\n    public String toString()\n    {\n        return \"Not Available !\";\n    }"
  },
  {
    "file": "downloaded_repo\\shouryaj98-Hotel-Management-Project-Java-fae7a17\\Main.java",
    "class": "Hotel",
    "function": "CustDetails",
    "start_line": 94,
    "end_line": 127,
    "parameters": [
      "i",
      "rn"
    ],
    "function_length": 34,
    "nesting_depth": 3,
    "has_docstring": false,
    "calls": [],
    "imports": [
      "import java.io.File;",
      "import java.io.FileInputStream;",
      "import java.io.FileOutputStream;",
      "import java.io.ObjectInputStream;",
      "import java.io.ObjectOutputStream;",
      "import java.io.Serializable;",
      "import java.util.ArrayList;",
      "import java.util.Scanner;"
    ],
    "parent_file": "downloaded_repo\\shouryaj98-Hotel-Management-Project-Java-fae7a17\\Main.java",
    "code": "    static void CustDetails(int i,int rn)\n    {\n        String name, contact, gender;\n        String name2 = null, contact2 = null; \n        String gender2=\"\";\n        System.out.print(\"\\nEnter customer name: \");\n        name = sc.next();\n        System.out.print(\"Enter contact number: \");\n        contact=sc.next();\n        System.out.print(\"Enter gender: \");\n        gender = sc.next();\n        if(i<3)\n        {\n        System.out.print(\"Enter second customer name: \");\n        name2 = sc.next();\n        System.out.print(\"Enter contact number: \");\n        contact2=sc.next();\n        System.out.print(\"Enter gender: \");\n        gender2 = sc.next();\n        }      \n        \n          switch (i) {\n            case 1:hotel_ob.luxury_doublerrom[rn]=new Doubleroom(name,contact,gender,name2,contact2,gender2);\n                break;\n            case 2:hotel_ob.deluxe_doublerrom[rn]=new Doubleroom(name,contact,gender,name2,contact2,gender2);\n                break;\n            case 3:hotel_ob.luxury_singleerrom[rn]=new Singleroom(name,contact,gender);\n                break;\n            case 4:hotel_ob.deluxe_singleerrom[rn]=new Singleroom(name,contact,gender);\n                break;\n            default:System.out.println(\"Wrong option\");\n                break;\n        }\n    }"
  },
  {
    "file": "downloaded_repo\\shouryaj98-Hotel-Management-Project-Java-fae7a17\\Main.java",
    "class": "Hotel",
    "function": "bookroom",
    "start_line": 129,
    "end_line": 228,
    "parameters": [
      "i"
    ],
    "function_length": 100,
    "nesting_depth": 5,
    "has_docstring": false,
    "calls": [],
    "imports": [
      "import java.io.File;",
      "import java.io.FileInputStream;",
      "import java.io.FileOutputStream;",
      "import java.io.ObjectInputStream;",
      "import java.io.ObjectOutputStream;",
      "import java.io.Serializable;",
      "import java.util.ArrayList;",
      "import java.util.Scanner;"
    ],
    "parent_file": "downloaded_repo\\shouryaj98-Hotel-Management-Project-Java-fae7a17\\Main.java",
    "code": "    static void bookroom(int i)\n    {\n        int j;\n        int rn;\n        System.out.println(\"\\nChoose room number from : \");\n        switch (i) {\n            case 1:\n                for(j=0;j<hotel_ob.luxury_doublerrom.length;j++)\n                {\n                    if(hotel_ob.luxury_doublerrom[j]==null)\n                    {\n                        System.out.print(j+1+\",\");\n                    }\n                }\n                System.out.print(\"\\nEnter room number: \");\n                try{\n                rn=sc.nextInt();\n                rn--;\n                if(hotel_ob.luxury_doublerrom[rn]!=null)\n                    throw new NotAvailable();\n                CustDetails(i,rn);\n                }\n                catch(Exception e)\n                {\n                    System.out.println(\"Invalid Option\");\n                    return;\n                }\n                break;\n            case 2:\n                 for(j=0;j<hotel_ob.deluxe_doublerrom.length;j++)\n                {\n                    if(hotel_ob.deluxe_doublerrom[j]==null)\n                    {\n                        System.out.print(j+11+\",\");\n                    }\n                }\n                System.out.print(\"\\nEnter room number: \");\n                try{\n                rn=sc.nextInt();\n                rn=rn-11;\n                if(hotel_ob.deluxe_doublerrom[rn]!=null)\n                    throw new NotAvailable();\n                CustDetails(i,rn);\n                }\n                catch(Exception e)\n                {\n                    System.out.println(\"Invalid Option\");\n                    return;\n                }\n                break;\n            case 3:\n                  for(j=0;j<hotel_ob.luxury_singleerrom.length;j++)\n                {\n                    if(hotel_ob.luxury_singleerrom[j]==null)\n                    {\n                        System.out.print(j+31+\",\");\n                    }\n                }\n                System.out.print(\"\\nEnter room number: \");\n                try{\n                rn=sc.nextInt();\n                rn=rn-31;\n                if(hotel_ob.luxury_singleerrom[rn]!=null)\n                    throw new NotAvailable();\n                CustDetails(i,rn);\n                }\n                catch(Exception e)\n                {\n                    System.out.println(\"Invalid Option\");\n                    return;\n                }\n                break;\n            case 4:\n                  for(j=0;j<hotel_ob.deluxe_singleerrom.length;j++)\n                {\n                    if(hotel_ob.deluxe_singleerrom[j]==null)\n                    {\n                        System.out.print(j+41+\",\");\n                    }\n                }\n                System.out.print(\"\\nEnter room number: \");\n                try{\n                rn=sc.nextInt();\n                rn=rn-41;\n                if(hotel_ob.deluxe_singleerrom[rn]!=null)\n                    throw new NotAvailable();\n                CustDetails(i,rn);\n                }\n                catch(Exception e)\n                {\n                   System.out.println(\"Invalid Option\");\n                    return;\n                }\n                break;\n            default:\n                System.out.println(\"Enter valid option\");\n                break;\n        }\n        System.out.println(\"Room Booked\");\n    }"
  },
  {
    "file": "downloaded_repo\\shouryaj98-Hotel-Management-Project-Java-fae7a17\\Main.java",
    "class": "Hotel",
    "function": "features",
    "start_line": 230,
    "end_line": 245,
    "parameters": [
      "i"
    ],
    "function_length": 16,
    "nesting_depth": 1,
    "has_docstring": false,
    "calls": [],
    "imports": [
      "import java.io.File;",
      "import java.io.FileInputStream;",
      "import java.io.FileOutputStream;",
      "import java.io.ObjectInputStream;",
      "import java.io.ObjectOutputStream;",
      "import java.io.Serializable;",
      "import java.util.ArrayList;",
      "import java.util.Scanner;"
    ],
    "parent_file": "downloaded_repo\\shouryaj98-Hotel-Management-Project-Java-fae7a17\\Main.java",
    "code": "    static void features(int i)\n    {\n        switch (i) {\n            case 1:System.out.println(\"Number of double beds : 1\\nAC : Yes\\nFree breakfast : Yes\\nCharge per day:4000 \");\n                break;\n            case 2:System.out.println(\"Number of double beds : 1\\nAC : No\\nFree breakfast : Yes\\nCharge per day:3000  \");\n                break;\n            case 3:System.out.println(\"Number of single beds : 1\\nAC : Yes\\nFree breakfast : Yes\\nCharge per day:2200  \");\n                break;\n            case 4:System.out.println(\"Number of single beds : 1\\nAC : No\\nFree breakfast : Yes\\nCharge per day:1200 \");\n                break;\n            default:\n                System.out.println(\"Enter valid option\");\n                break;\n        }\n    }"
  },
  {
    "file": "downloaded_repo\\shouryaj98-Hotel-Management-Project-Java-fae7a17\\Main.java",
    "class": "Hotel",
    "function": "availability",
    "start_line": 247,
    "end_line": 284,
    "parameters": [
      "i"
    ],
    "function_length": 38,
    "nesting_depth": 4,
    "has_docstring": false,
    "calls": [],
    "imports": [
      "import java.io.File;",
      "import java.io.FileInputStream;",
      "import java.io.FileOutputStream;",
      "import java.io.ObjectInputStream;",
      "import java.io.ObjectOutputStream;",
      "import java.io.Serializable;",
      "import java.util.ArrayList;",
      "import java.util.Scanner;"
    ],
    "parent_file": "downloaded_repo\\shouryaj98-Hotel-Management-Project-Java-fae7a17\\Main.java",
    "code": "    static void availability(int i)\n    {\n      int j,count=0;\n        switch (i) {\n            case 1:\n                for(j=0;j<10;j++)\n                {\n                    if(hotel_ob.luxury_doublerrom[j]==null)\n                        count++;\n                }\n                break;\n            case 2:\n                for(j=0;j<hotel_ob.deluxe_doublerrom.length;j++)\n                {\n                    if(hotel_ob.deluxe_doublerrom[j]==null)\n                        count++;\n                }\n                break;\n            case 3:\n                for(j=0;j<hotel_ob.luxury_singleerrom.length;j++)\n                {\n                    if(hotel_ob.luxury_singleerrom[j]==null)\n                        count++;\n                }\n                break;\n            case 4:\n                for(j=0;j<hotel_ob.deluxe_singleerrom.length;j++)\n                {\n                    if(hotel_ob.deluxe_singleerrom[j]==null)\n                        count++;\n                }\n                break;\n            default:\n                System.out.println(\"Enter valid option\");\n                break;\n        }\n        System.out.println(\"Number of rooms available : \"+count);\n    }"
  },
  {
    "file": "downloaded_repo\\shouryaj98-Hotel-Management-Project-Java-fae7a17\\Main.java",
    "class": "Hotel",
    "function": "bill",
    "start_line": 286,
    "end_line": 355,
    "parameters": [
      "rn",
      "rtype"
    ],
    "function_length": 70,
    "nesting_depth": 2,
    "has_docstring": false,
    "calls": [],
    "imports": [
      "import java.io.File;",
      "import java.io.FileInputStream;",
      "import java.io.FileOutputStream;",
      "import java.io.ObjectInputStream;",
      "import java.io.ObjectOutputStream;",
      "import java.io.Serializable;",
      "import java.util.ArrayList;",
      "import java.util.Scanner;"
    ],
    "parent_file": "downloaded_repo\\shouryaj98-Hotel-Management-Project-Java-fae7a17\\Main.java",
    "code": "    static void bill(int rn,int rtype)\n    {\n        double amount=0;\n        String list[]={\"Sandwich\",\"Pasta\",\"Noodles\",\"Coke\"};\n        System.out.println(\"\\n*******\");\n        System.out.println(\" Bill:-\");\n        System.out.println(\"*******\");\n               \n        switch(rtype)\n        {\n            case 1:\n                amount+=4000;\n                    System.out.println(\"\\nRoom Charge - \"+4000);\n                    System.out.println(\"\\n===============\");\n                    System.out.println(\"Food Charges:- \");\n                    System.out.println(\"===============\");\n                     System.out.println(\"Item   Quantity    Price\");\n                    System.out.println(\"-------------------------\");\n                    for(Food obb:hotel_ob.luxury_doublerrom[rn].food)\n                    {\n                        amount+=obb.price;\n                        String format = \"%-10s%-10s%-10s%n\";\n                        System.out.printf(format,list[obb.itemno-1],obb.quantity,obb.price );\n                    }\n                    \n                break;\n            case 2:amount+=3000;\n                    System.out.println(\"Room Charge - \"+3000);\n                    System.out.println(\"\\nFood Charges:- \");\n                    System.out.println(\"===============\");\n                     System.out.println(\"Item   Quantity    Price\");\n                    System.out.println(\"-------------------------\");\n                    for(Food obb:hotel_ob.deluxe_doublerrom[rn].food)\n                    {\n                        amount+=obb.price;\n                        String format = \"%-10s%-10s%-10s%n\";\n                        System.out.printf(format,list[obb.itemno-1],obb.quantity,obb.price );\n                    }\n                break;\n            case 3:amount+=2200;\n                    System.out.println(\"Room Charge - \"+2200);\n                    System.out.println(\"\\nFood Charges:- \");\n                    System.out.println(\"===============\");\n                    System.out.println(\"Item   Quantity    Price\");\n                    System.out.println(\"-------------------------\");\n                    for(Food obb:hotel_ob.luxury_singleerrom[rn].food)\n                    {\n                        amount+=obb.price;\n                        String format = \"%-10s%-10s%-10s%n\";\n                        System.out.printf(format,list[obb.itemno-1],obb.quantity,obb.price );\n                    }\n                break;\n            case 4:amount+=1200;\n                    System.out.println(\"Room Charge - \"+1200);\n                    System.out.println(\"\\nFood Charges:- \");\n                    System.out.println(\"===============\");\n                    System.out.println(\"Item   Quantity    Price\");\n                    System.out.println(\"-------------------------\");\n                    for(Food obb: hotel_ob.deluxe_singleerrom[rn].food)\n                    {\n                        amount+=obb.price;\n                        String format = \"%-10s%-10s%-10s%n\";\n                        System.out.printf(format,list[obb.itemno-1],obb.quantity,obb.price );\n                    }\n                break;\n            default:\n                System.out.println(\"Not valid\");\n        }\n        System.out.println(\"\\nTotal Amount- \"+amount);\n    }"
  },
  {
    "file": "downloaded_repo\\shouryaj98-Hotel-Management-Project-Java-fae7a17\\Main.java",
    "class": "Hotel",
    "function": "deallocate",
    "start_line": 357,
    "end_line": 437,
    "parameters": [
      "rn",
      "rtype"
    ],
    "function_length": 81,
    "nesting_depth": 3,
    "has_docstring": false,
    "calls": [],
    "imports": [
      "import java.io.File;",
      "import java.io.FileInputStream;",
      "import java.io.FileOutputStream;",
      "import java.io.ObjectInputStream;",
      "import java.io.ObjectOutputStream;",
      "import java.io.Serializable;",
      "import java.util.ArrayList;",
      "import java.util.Scanner;"
    ],
    "parent_file": "downloaded_repo\\shouryaj98-Hotel-Management-Project-Java-fae7a17\\Main.java",
    "code": "    static void deallocate(int rn,int rtype)\n    {\n        int j;\n        char w;\n        switch (rtype) {\n            case 1:               \n                if(hotel_ob.luxury_doublerrom[rn]!=null)\n                    System.out.println(\"Room used by \"+hotel_ob.luxury_doublerrom[rn].name);                \n                else \n                {    \n                    System.out.println(\"Empty Already\");\n                        return;\n                }\n                System.out.println(\"Do you want to checkout ?(y/n)\");\n                 w=sc.next().charAt(0);\n                if(w=='y'||w=='Y')\n                {\n                    bill(rn,rtype);\n                    hotel_ob.luxury_doublerrom[rn]=null;\n                    System.out.println(\"Deallocated succesfully\");\n                }\n                \n                break;\n            case 2:\n                if(hotel_ob.deluxe_doublerrom[rn]!=null)\n                    System.out.println(\"Room used by \"+hotel_ob.deluxe_doublerrom[rn].name);                \n                else \n                {    \n                    System.out.println(\"Empty Already\");\n                        return;\n                }\n                System.out.println(\" Do you want to checkout ?(y/n)\");\n                 w=sc.next().charAt(0);\n                if(w=='y'||w=='Y')\n                {\n                    bill(rn,rtype);\n                    hotel_ob.deluxe_doublerrom[rn]=null;\n                    System.out.println(\"Deallocated succesfully\");\n                }\n                 \n                break;\n            case 3:\n                if(hotel_ob.luxury_singleerrom[rn]!=null)\n                    System.out.println(\"Room used by \"+hotel_ob.luxury_singleerrom[rn].name);                \n                else \n                 {    \n                    System.out.println(\"Empty Already\");\n                        return;\n                }\n                System.out.println(\" Do you want to checkout ? (y/n)\");\n                w=sc.next().charAt(0);\n                if(w=='y'||w=='Y')\n                {\n                    bill(rn,rtype);\n                    hotel_ob.luxury_singleerrom[rn]=null;\n                    System.out.println(\"Deallocated succesfully\");\n                }\n                \n                break;\n            case 4:\n                if(hotel_ob.deluxe_singleerrom[rn]!=null)\n                    System.out.println(\"Room used by \"+hotel_ob.deluxe_singleerrom[rn].name);                \n                else \n                 {    \n                    System.out.println(\"Empty Already\");\n                        return;\n                }\n                System.out.println(\" Do you want to checkout ? (y/n)\");\n                 w=sc.next().charAt(0);\n                if(w=='y'||w=='Y')\n                {\n                    bill(rn,rtype);\n                    hotel_ob.deluxe_singleerrom[rn]=null;\n                    System.out.println(\"Deallocated succesfully\");\n                }\n                break;\n            default:\n                System.out.println(\"\\nEnter valid option : \");\n                break;\n        }\n    }"
  },
  {
    "file": "downloaded_repo\\shouryaj98-Hotel-Management-Project-Java-fae7a17\\Main.java",
    "class": "Hotel",
    "function": "order",
    "start_line": 439,
    "end_line": 473,
    "parameters": [
      "rn",
      "rtype"
    ],
    "function_length": 35,
    "nesting_depth": 4,
    "has_docstring": false,
    "calls": [],
    "imports": [
      "import java.io.File;",
      "import java.io.FileInputStream;",
      "import java.io.FileOutputStream;",
      "import java.io.ObjectInputStream;",
      "import java.io.ObjectOutputStream;",
      "import java.io.Serializable;",
      "import java.util.ArrayList;",
      "import java.util.Scanner;"
    ],
    "parent_file": "downloaded_repo\\shouryaj98-Hotel-Management-Project-Java-fae7a17\\Main.java",
    "code": "    static void order(int rn,int rtype)\n    {\n        int i,q;\n        char wish;\n         try{\n             System.out.println(\"\\n==========\\n   Menu:  \\n==========\\n\\n1.Sandwich\\tRs.50\\n2.Pasta\\t\\tRs.60\\n3.Noodles\\tRs.70\\n4.Coke\\t\\tRs.30\\n\");\n        do\n        {\n            i = sc.nextInt();\n            System.out.print(\"Quantity- \");\n            q=sc.nextInt();\n           \n              switch(rtype){\n            case 1: hotel_ob.luxury_doublerrom[rn].food.add(new Food(i,q));\n                break;\n            case 2: hotel_ob.deluxe_doublerrom[rn].food.add(new Food(i,q));\n                break;\n            case 3: hotel_ob.luxury_singleerrom[rn].food.add(new Food(i,q));\n                break;\n            case 4: hotel_ob.deluxe_singleerrom[rn].food.add(new Food(i,q));\n                break;                                                 \n        }\n              System.out.println(\"Do you want to order anything else ? (y/n)\");\n              wish=sc.next().charAt(0); \n        }while(wish=='y'||wish=='Y');  \n        }\n         catch(NullPointerException e)\n            {\n                System.out.println(\"\\nRoom not booked\");\n            }\n         catch(Exception e)\n         {\n             System.out.println(\"Cannot be done\");\n         }\n    }"
  },
  {
    "file": "downloaded_repo\\shouryaj98-Hotel-Management-Project-Java-fae7a17\\Main.java",
    "class": "write",
    "function": "run",
    "start_line": 484,
    "end_line": 496,
    "parameters": [],
    "function_length": 13,
    "nesting_depth": 3,
    "has_docstring": false,
    "calls": [],
    "imports": [
      "import java.io.File;",
      "import java.io.FileInputStream;",
      "import java.io.FileOutputStream;",
      "import java.io.ObjectInputStream;",
      "import java.io.ObjectOutputStream;",
      "import java.io.Serializable;",
      "import java.util.ArrayList;",
      "import java.util.Scanner;"
    ],
    "parent_file": "downloaded_repo\\shouryaj98-Hotel-Management-Project-Java-fae7a17\\Main.java",
    "code": "    @Override\n    public void run() {\n          try{\n        FileOutputStream fout=new FileOutputStream(\"backup\");\n        ObjectOutputStream oos=new ObjectOutputStream(fout);\n        oos.writeObject(hotel_ob);\n        }\n        catch(Exception e)\n        {\n            System.out.println(\"Error in writing \"+e);\n        }         \n        \n    }"
  },
  {
    "file": "downloaded_repo\\shouryaj98-Hotel-Management-Project-Java-fae7a17\\Main.java",
    "class": "Main",
    "function": "main",
    "start_line": 501,
    "end_line": 587,
    "parameters": [
      "args"
    ],
    "function_length": 87,
    "nesting_depth": 9,
    "has_docstring": false,
    "calls": [],
    "imports": [
      "import java.io.File;",
      "import java.io.FileInputStream;",
      "import java.io.FileOutputStream;",
      "import java.io.ObjectInputStream;",
      "import java.io.ObjectOutputStream;",
      "import java.io.Serializable;",
      "import java.util.ArrayList;",
      "import java.util.Scanner;"
    ],
    "parent_file": "downloaded_repo\\shouryaj98-Hotel-Management-Project-Java-fae7a17\\Main.java",
    "code": "    public static void main(String[] args){\n        \n        try\n        {           \n        File f = new File(\"backup\");\n        if(f.exists())\n        {\n            FileInputStream fin=new FileInputStream(f);\n            ObjectInputStream ois=new ObjectInputStream(fin);\n            Hotel.hotel_ob=(holder)ois.readObject();\n        }\n        Scanner sc = new Scanner(System.in);\n        int ch,ch2;\n        char wish;\n        x:\n        do{\n\n        System.out.println(\"\\nEnter your choice :\\n1.Display room details\\n2.Display room availability \\n3.Book\\n4.Order food\\n5.Checkout\\n6.Exit\\n\");\n        ch = sc.nextInt();\n        switch(ch){\n            case 1: System.out.println(\"\\nChoose room type :\\n1.Luxury Double Room \\n2.Deluxe Double Room \\n3.Luxury Single Room \\n4.Deluxe Single Room\\n\");\n                    ch2 = sc.nextInt();\n                    Hotel.features(ch2);\n                break;\n            case 2:System.out.println(\"\\nChoose room type :\\n1.Luxury Double Room \\n2.Deluxe Double Room \\n3.Luxury Single Room\\n4.Deluxe Single Room\\n\");\n                     ch2 = sc.nextInt();\n                     Hotel.availability(ch2);\n                break;\n            case 3:System.out.println(\"\\nChoose room type :\\n1.Luxury Double Room \\n2.Deluxe Double Room \\n3.Luxury Single Room\\n4.Deluxe Single Room\\n\");\n                     ch2 = sc.nextInt();\n                     Hotel.bookroom(ch2);                     \n                break;\n            case 4:\n                 System.out.print(\"Room Number -\");\n                     ch2 = sc.nextInt();\n                     if(ch2>60)\n                         System.out.println(\"Room doesn't exist\");\n                     else if(ch2>40)\n                         Hotel.order(ch2-41,4);\n                     else if(ch2>30)\n                         Hotel.order(ch2-31,3);\n                     else if(ch2>10)\n                         Hotel.order(ch2-11,2);\n                     else if(ch2>0)\n                         Hotel.order(ch2-1,1);\n                     else\n                         System.out.println(\"Room doesn't exist\");\n                     break;\n            case 5:                 \n                System.out.print(\"Room Number -\");\n                     ch2 = sc.nextInt();\n                     if(ch2>60)\n                         System.out.println(\"Room doesn't exist\");\n                     else if(ch2>40)\n                         Hotel.deallocate(ch2-41,4);\n                     else if(ch2>30)\n                         Hotel.deallocate(ch2-31,3);\n                     else if(ch2>10)\n                         Hotel.deallocate(ch2-11,2);\n                     else if(ch2>0)\n                         Hotel.deallocate(ch2-1,1);\n                     else\n                         System.out.println(\"Room doesn't exist\");\n                     break;\n            case 6:break x;\n                \n        }\n           \n            System.out.println(\"\\nContinue : (y/n)\");\n            wish=sc.next().charAt(0); \n            if(!(wish=='y'||wish=='Y'||wish=='n'||wish=='N'))\n            {\n                System.out.println(\"Invalid Option\");\n                System.out.println(\"\\nContinue : (y/n)\");\n                wish=sc.next().charAt(0); \n            }\n            \n        }while(wish=='y'||wish=='Y');    \n        \n        Thread t=new Thread(new write(Hotel.hotel_ob));\n        t.start();\n        }        \n            catch(Exception e)\n            {\n                System.out.println(\"Not a valid input\");\n            }\n    }"
  }
]