[
  {
    "file": "downloaded_repo\\shouryaj98-Hotel-Management-Project-Java-fae7a17\\Main.java",
    "class_name": "NotAvailable",
    "function": "toString",
    "lines": [
      75,
      79
    ],
    "category": "documentation",
    "issue": "Missing documentation",
    "severity": "Low",
    "explanation": "Function \"toString\" is missing proper documentation.",
    "suggestion": "Add a docstring (Python) or Javadoc/JSDoc (Java/JS)."
  },
  {
    "file": "downloaded_repo\\shouryaj98-Hotel-Management-Project-Java-fae7a17\\Main.java",
    "class_name": "Hotel",
    "function": "CustDetails",
    "lines": [
      94,
      127
    ],
    "category": "documentation",
    "issue": "Missing documentation",
    "severity": "Low",
    "explanation": "Function \"CustDetails\" is missing proper documentation.",
    "suggestion": "Add a docstring (Python) or Javadoc/JSDoc (Java/JS)."
  },
  {
    "file": "downloaded_repo\\shouryaj98-Hotel-Management-Project-Java-fae7a17\\Main.java",
    "class_name": "Hotel",
    "function": "bookroom",
    "lines": [
      129,
      228
    ],
    "category": "complexity",
    "issue": "High cyclomatic complexity (27)",
    "severity": "High",
    "explanation": "Function has high cyclomatic complexity (27), indicating many decision points.",
    "suggestion": "Simplify control flow by extracting methods or reducing conditional logic."
  },
  {
    "file": "downloaded_repo\\shouryaj98-Hotel-Management-Project-Java-fae7a17\\Main.java",
    "class_name": "Hotel",
    "function": "bookroom",
    "lines": [
      129,
      228
    ],
    "category": "complexity",
    "issue": "Excessive nesting depth (5)",
    "severity": "Medium",
    "explanation": "Function has nesting depth of 5, making it hard to follow.",
    "suggestion": "Reduce nesting by using early returns, guard clauses, or extracting methods."
  },
  {
    "file": "downloaded_repo\\shouryaj98-Hotel-Management-Project-Java-fae7a17\\Main.java",
    "class_name": "Hotel",
    "function": "bookroom",
    "lines": [
      129,
      228
    ],
    "category": "documentation",
    "issue": "Missing documentation",
    "severity": "Low",
    "explanation": "Function \"bookroom\" is missing proper documentation.",
    "suggestion": "Add a docstring (Python) or Javadoc/JSDoc (Java/JS)."
  },
  {
    "file": "downloaded_repo\\shouryaj98-Hotel-Management-Project-Java-fae7a17\\Main.java",
    "class_name": "Hotel",
    "function": "features",
    "lines": [
      230,
      245
    ],
    "category": "documentation",
    "issue": "Missing documentation",
    "severity": "Low",
    "explanation": "Function \"features\" is missing proper documentation.",
    "suggestion": "Add a docstring (Python) or Javadoc/JSDoc (Java/JS)."
  },
  {
    "file": "downloaded_repo\\shouryaj98-Hotel-Management-Project-Java-fae7a17\\Main.java",
    "class_name": "Hotel",
    "function": "availability",
    "lines": [
      247,
      284
    ],
    "category": "complexity",
    "issue": "High cyclomatic complexity (15)",
    "severity": "Medium",
    "explanation": "Function has high cyclomatic complexity (15), indicating many decision points.",
    "suggestion": "Simplify control flow by extracting methods or reducing conditional logic."
  },
  {
    "file": "downloaded_repo\\shouryaj98-Hotel-Management-Project-Java-fae7a17\\Main.java",
    "class_name": "Hotel",
    "function": "availability",
    "lines": [
      247,
      284
    ],
    "category": "complexity",
    "issue": "Excessive nesting depth (4)",
    "severity": "Medium",
    "explanation": "Function has nesting depth of 4, making it hard to follow.",
    "suggestion": "Reduce nesting by using early returns, guard clauses, or extracting methods."
  },
  {
    "file": "downloaded_repo\\shouryaj98-Hotel-Management-Project-Java-fae7a17\\Main.java",
    "class_name": "Hotel",
    "function": "availability",
    "lines": [
      247,
      284
    ],
    "category": "documentation",
    "issue": "Missing documentation",
    "severity": "Low",
    "explanation": "Function \"availability\" is missing proper documentation.",
    "suggestion": "Add a docstring (Python) or Javadoc/JSDoc (Java/JS)."
  },
  {
    "file": "downloaded_repo\\shouryaj98-Hotel-Management-Project-Java-fae7a17\\Main.java",
    "class_name": "Hotel",
    "function": "bill",
    "lines": [
      286,
      355
    ],
    "category": "complexity",
    "issue": "High cyclomatic complexity (11)",
    "severity": "Medium",
    "explanation": "Function has high cyclomatic complexity (11), indicating many decision points.",
    "suggestion": "Simplify control flow by extracting methods or reducing conditional logic."
  },
  {
    "file": "downloaded_repo\\shouryaj98-Hotel-Management-Project-Java-fae7a17\\Main.java",
    "class_name": "Hotel",
    "function": "bill",
    "lines": [
      286,
      355
    ],
    "category": "documentation",
    "issue": "Missing documentation",
    "severity": "Low",
    "explanation": "Function \"bill\" is missing proper documentation.",
    "suggestion": "Add a docstring (Python) or Javadoc/JSDoc (Java/JS)."
  },
  {
    "file": "downloaded_repo\\shouryaj98-Hotel-Management-Project-Java-fae7a17\\Main.java",
    "class_name": "Hotel",
    "function": "deallocate",
    "lines": [
      357,
      437
    ],
    "category": "complexity",
    "issue": "High cyclomatic complexity (27)",
    "severity": "High",
    "explanation": "Function has high cyclomatic complexity (27), indicating many decision points.",
    "suggestion": "Simplify control flow by extracting methods or reducing conditional logic."
  },
  {
    "file": "downloaded_repo\\shouryaj98-Hotel-Management-Project-Java-fae7a17\\Main.java",
    "class_name": "Hotel",
    "function": "deallocate",
    "lines": [
      357,
      437
    ],
    "category": "documentation",
    "issue": "Missing documentation",
    "severity": "Low",
    "explanation": "Function \"deallocate\" is missing proper documentation.",
    "suggestion": "Add a docstring (Python) or Javadoc/JSDoc (Java/JS)."
  },
  {
    "file": "downloaded_repo\\shouryaj98-Hotel-Management-Project-Java-fae7a17\\Main.java",
    "class_name": "Hotel",
    "function": "order",
    "lines": [
      439,
      473
    ],
    "category": "complexity",
    "issue": "High cyclomatic complexity (14)",
    "severity": "Medium",
    "explanation": "Function has high cyclomatic complexity (14), indicating many decision points.",
    "suggestion": "Simplify control flow by extracting methods or reducing conditional logic."
  },
  {
    "file": "downloaded_repo\\shouryaj98-Hotel-Management-Project-Java-fae7a17\\Main.java",
    "class_name": "Hotel",
    "function": "order",
    "lines": [
      439,
      473
    ],
    "category": "complexity",
    "issue": "Excessive nesting depth (4)",
    "severity": "Medium",
    "explanation": "Function has nesting depth of 4, making it hard to follow.",
    "suggestion": "Reduce nesting by using early returns, guard clauses, or extracting methods."
  },
  {
    "file": "downloaded_repo\\shouryaj98-Hotel-Management-Project-Java-fae7a17\\Main.java",
    "class_name": "Hotel",
    "function": "order",
    "lines": [
      439,
      473
    ],
    "category": "documentation",
    "issue": "Missing documentation",
    "severity": "Low",
    "explanation": "Function \"order\" is missing proper documentation.",
    "suggestion": "Add a docstring (Python) or Javadoc/JSDoc (Java/JS)."
  },
  {
    "file": "downloaded_repo\\shouryaj98-Hotel-Management-Project-Java-fae7a17\\Main.java",
    "class_name": "write",
    "function": "run",
    "lines": [
      484,
      496
    ],
    "category": "documentation",
    "issue": "Missing documentation",
    "severity": "Low",
    "explanation": "Function \"run\" is missing proper documentation.",
    "suggestion": "Add a docstring (Python) or Javadoc/JSDoc (Java/JS)."
  },
  {
    "file": "downloaded_repo\\shouryaj98-Hotel-Management-Project-Java-fae7a17\\Main.java",
    "class_name": "Main",
    "function": "main",
    "lines": [
      501,
      587
    ],
    "category": "complexity",
    "issue": "High cyclomatic complexity (36)",
    "severity": "High",
    "explanation": "Function has high cyclomatic complexity (36), indicating many decision points.",
    "suggestion": "Simplify control flow by extracting methods or reducing conditional logic."
  },
  {
    "file": "downloaded_repo\\shouryaj98-Hotel-Management-Project-Java-fae7a17\\Main.java",
    "class_name": "Main",
    "function": "main",
    "lines": [
      501,
      587
    ],
    "category": "complexity",
    "issue": "Excessive nesting depth (9)",
    "severity": "Medium",
    "explanation": "Function has nesting depth of 9, making it hard to follow.",
    "suggestion": "Reduce nesting by using early returns, guard clauses, or extracting methods."
  },
  {
    "file": "downloaded_repo\\shouryaj98-Hotel-Management-Project-Java-fae7a17\\Main.java",
    "class_name": "Main",
    "function": "main",
    "lines": [
      501,
      587
    ],
    "category": "documentation",
    "issue": "Missing documentation",
    "severity": "Low",
    "explanation": "Function \"main\" is missing proper documentation.",
    "suggestion": "Add a docstring (Python) or Javadoc/JSDoc (Java/JS)."
  }
]